Service, Sub-service, Path (relative from the Azure root folder: https://github.com/Azure/azure-rest-api-specs/tree/main/)
common-v1, types-v1, specification/common-types/resource-management/v1/types.json
common-v2, types-v2, specification/common-types/resource-management/v2/types.json
common-v3, types-v3, specification/common-types/resource-management/v3/types.json
common-types, rfc7517, specification/common-types/rfcs/rfc7517.json
common-types-v1, privatelinks-v1, specification/common-types/resource-management/v1/privatelinks.json
common-types-v3, privatelinks-v3, specification/common-types/resource-management/v3/privatelinks.json
servicebus-common, servicebus-common, specification/servicebus/resource-manager/common/v1/definitions.json
servicebus-common, servicebus-common, specification/servicebus/resource-manager/common/v2/definitions.json
common-security, security, specification/security/resource-manager/common/v1/types.json
guestconfiguration-common, guestconfiguration-common, specification/guestconfiguration/resource-manager/Microsoft.GuestConfiguration/common/v1/definitions.json
eventhub-common, eventhub-common, specification/eventhub/resource-manager/common/v1/definitions.json
eventhub-common-v2, eventhub-common-v2, specification/eventhub/resource-manager/common/v2/definitions.json
streamanalytics-common, StreamAnalytics-common, specification/streamanalytics/resource-manager/Microsoft.StreamAnalytics/common/v1/definitions.json
securityinsights-common-types, securityinsights-common-types, specification/automation/resource-manager/Microsoft.Automation/common/v1/definitions.json
automation-types, automation-types, specification/securityinsights/resource-manager/common/1.0/types.json
sql-types, sql-types, specification/sql/resource-manager/common/v1/types.json
Microsoft.Management, management, specification/managementgroups/resource-manager/Microsoft.Management/stable/2021-04-01/management.json
Microsoft.Maps, maps-management, specification/maps/resource-manager/Microsoft.Maps/stable/2021-02-01/maps-management.json
Microsoft.ResourceGraph, resourcegraph, specification/resourcegraph/resource-manager/Microsoft.ResourceGraph/stable/2021-03-01/resourcegraph.json
Microsoft.Cache, redisenterprise, specification/redisenterprise/resource-manager/Microsoft.Cache/stable/2021-08-01/redisenterprise.json
Microsoft.DBforPostgreSQL, PrivateDnsZone, specification/postgresql/resource-manager/Microsoft.DBforPostgreSQL/stable/2021-06-01/PrivateDnsZone.json
Microsoft.DBforPostgreSQL, Databases, specification/postgresql/resource-manager/Microsoft.DBforPostgreSQL/stable/2021-06-01/Databases.json
Microsoft.DBforPostgreSQL, postgresql, specification/postgresql/resource-manager/Microsoft.DBforPostgreSQL/stable/2021-06-01/postgresql.json
Microsoft.StoragePool, storagepool, specification/storagepool/resource-manager/Microsoft.StoragePool/stable/2021-08-01/storagepool.json
Microsoft.ServiceBus, AuthorizationRules, specification/servicebus/resource-manager/Microsoft.ServiceBus/stable/2021-11-01/AuthorizationRules.json
Microsoft.ServiceBus, migrationconfigs, specification/servicebus/resource-manager/Microsoft.ServiceBus/stable/2021-11-01/migrationconfigs.json
Microsoft.ServiceBus, CheckNameAvailability, specification/servicebus/resource-manager/Microsoft.ServiceBus/stable/2021-11-01/CheckNameAvailability.json
Microsoft.ServiceBus, DisasterRecoveryConfig, specification/servicebus/resource-manager/Microsoft.ServiceBus/stable/2021-11-01/DisasterRecoveryConfig.json
Microsoft.ServiceBus, namespace-preview, specification/servicebus/resource-manager/Microsoft.ServiceBus/stable/2021-11-01/namespace-preview.json
Microsoft.ServiceBus, subscriptions, specification/servicebus/resource-manager/Microsoft.ServiceBus/stable/2021-11-01/subscriptions.json
Microsoft.ServiceBus, Queue, specification/servicebus/resource-manager/Microsoft.ServiceBus/stable/2021-11-01/Queue.json
Microsoft.ServiceBus, Rules, specification/servicebus/resource-manager/Microsoft.ServiceBus/stable/2021-11-01/Rules.json
Microsoft.ServiceBus, networksets, specification/servicebus/resource-manager/Microsoft.ServiceBus/stable/2021-11-01/networksets.json
Microsoft.ServiceBus, operations, specification/servicebus/resource-manager/Microsoft.ServiceBus/stable/2021-11-01/operations.json
Microsoft.ServiceBus, topics, specification/servicebus/resource-manager/Microsoft.ServiceBus/stable/2021-11-01/topics.json
Microsoft.Advisor, advisor, specification/advisor/resource-manager/Microsoft.Advisor/stable/2020-01-01/advisor.json
Microsoft.ApiManagement, apimskus, specification/apimanagement/resource-manager/Microsoft.ApiManagement/stable/2021-08-01/apimskus.json
Microsoft.ApiManagement, apimreports, specification/apimanagement/resource-manager/Microsoft.ApiManagement/stable/2021-08-01/apimreports.json
Microsoft.ApiManagement, apimapisByTags, specification/apimanagement/resource-manager/Microsoft.ApiManagement/stable/2021-08-01/apimapisByTags.json
Microsoft.ApiManagement, apimprivatelink, specification/apimanagement/resource-manager/Microsoft.ApiManagement/stable/2021-08-01/apimprivatelink.json
Microsoft.ApiManagement, apimnamedvalues, specification/apimanagement/resource-manager/Microsoft.ApiManagement/stable/2021-08-01/apimnamedvalues.json
Microsoft.ApiManagement, apimdeployment, specification/apimanagement/resource-manager/Microsoft.ApiManagement/stable/2021-08-01/apimdeployment.json
Microsoft.ApiManagement, apimcontenttypes, specification/apimanagement/resource-manager/Microsoft.ApiManagement/stable/2021-08-01/apimcontenttypes.json
Microsoft.ApiManagement, apimproducts, specification/apimanagement/resource-manager/Microsoft.ApiManagement/stable/2021-08-01/apimproducts.json
Microsoft.ApiManagement, apimtagresources, specification/apimanagement/resource-manager/Microsoft.ApiManagement/stable/2021-08-01/apimtagresources.json
Microsoft.ApiManagement, apimopenidconnectproviders, specification/apimanagement/resource-manager/Microsoft.ApiManagement/stable/2021-08-01/apimopenidconnectproviders.json
Microsoft.ApiManagement, apimtenant, specification/apimanagement/resource-manager/Microsoft.ApiManagement/stable/2021-08-01/apimtenant.json
Microsoft.ApiManagement, apimanagement, specification/apimanagement/resource-manager/Microsoft.ApiManagement/stable/2021-08-01/apimanagement.json
Microsoft.ApiManagement, apimemailtemplates, specification/apimanagement/resource-manager/Microsoft.ApiManagement/stable/2021-08-01/apimemailtemplates.json
Microsoft.ApiManagement, apimapis, specification/apimanagement/resource-manager/Microsoft.ApiManagement/stable/2021-08-01/apimapis.json
Microsoft.ApiManagement, apimauthorizationservers, specification/apimanagement/resource-manager/Microsoft.ApiManagement/stable/2021-08-01/apimauthorizationservers.json
Microsoft.ApiManagement, apimnotifications, specification/apimanagement/resource-manager/Microsoft.ApiManagement/stable/2021-08-01/apimnotifications.json
Microsoft.ApiManagement, apimtags, specification/apimanagement/resource-manager/Microsoft.ApiManagement/stable/2021-08-01/apimtags.json
Microsoft.ApiManagement, apimloggers, specification/apimanagement/resource-manager/Microsoft.ApiManagement/stable/2021-08-01/apimloggers.json
Microsoft.ApiManagement, apimquotas, specification/apimanagement/resource-manager/Microsoft.ApiManagement/stable/2021-08-01/apimquotas.json
Microsoft.ApiManagement, apimportalsettings, specification/apimanagement/resource-manager/Microsoft.ApiManagement/stable/2021-08-01/apimportalsettings.json
Microsoft.ApiManagement, apimsubscriptions, specification/apimanagement/resource-manager/Microsoft.ApiManagement/stable/2021-08-01/apimsubscriptions.json
Microsoft.ApiManagement, apimconnectivitycheck, specification/apimanagement/resource-manager/Microsoft.ApiManagement/stable/2021-08-01/apimconnectivitycheck.json
Microsoft.ApiManagement, apimportalrevisions, specification/apimanagement/resource-manager/Microsoft.ApiManagement/stable/2021-08-01/apimportalrevisions.json
Microsoft.ApiManagement, apimoutbounddependency, specification/apimanagement/resource-manager/Microsoft.ApiManagement/stable/2021-08-01/apimoutbounddependency.json
Microsoft.ApiManagement, apimidentityprovider, specification/apimanagement/resource-manager/Microsoft.ApiManagement/stable/2021-08-01/apimidentityprovider.json
Microsoft.ApiManagement, apimregions, specification/apimanagement/resource-manager/Microsoft.ApiManagement/stable/2021-08-01/apimregions.json
Microsoft.ApiManagement, apimissues, specification/apimanagement/resource-manager/Microsoft.ApiManagement/stable/2021-08-01/apimissues.json
Microsoft.ApiManagement, apimcaches, specification/apimanagement/resource-manager/Microsoft.ApiManagement/stable/2021-08-01/apimcaches.json
Microsoft.ApiManagement, apimpolicydescriptions, specification/apimanagement/resource-manager/Microsoft.ApiManagement/stable/2021-08-01/apimpolicydescriptions.json
Microsoft.ApiManagement, apimpolicies, specification/apimanagement/resource-manager/Microsoft.ApiManagement/stable/2021-08-01/apimpolicies.json
Microsoft.ApiManagement, apimdiagnostics, specification/apimanagement/resource-manager/Microsoft.ApiManagement/stable/2021-08-01/apimdiagnostics.json
Microsoft.ApiManagement, apimsettings, specification/apimanagement/resource-manager/Microsoft.ApiManagement/stable/2021-08-01/apimsettings.json
Microsoft.ApiManagement, apimgateways, specification/apimanagement/resource-manager/Microsoft.ApiManagement/stable/2021-08-01/apimgateways.json
Microsoft.ApiManagement, apimgroups, specification/apimanagement/resource-manager/Microsoft.ApiManagement/stable/2021-08-01/apimgroups.json
Microsoft.ApiManagement, definitions, specification/apimanagement/resource-manager/Microsoft.ApiManagement/stable/2021-08-01/definitions.json
Microsoft.ApiManagement, apimdeletedservices, specification/apimanagement/resource-manager/Microsoft.ApiManagement/stable/2021-08-01/apimdeletedservices.json
Microsoft.ApiManagement, apimbackends, specification/apimanagement/resource-manager/Microsoft.ApiManagement/stable/2021-08-01/apimbackends.json
Microsoft.ApiManagement, apimusers, specification/apimanagement/resource-manager/Microsoft.ApiManagement/stable/2021-08-01/apimusers.json
Microsoft.ApiManagement, apimcertificates, specification/apimanagement/resource-manager/Microsoft.ApiManagement/stable/2021-08-01/apimcertificates.json
Microsoft.ApiManagement, apimnetworkstatus, specification/apimanagement/resource-manager/Microsoft.ApiManagement/stable/2021-08-01/apimnetworkstatus.json
Microsoft.ApiManagement, apimproductsByTags, specification/apimanagement/resource-manager/Microsoft.ApiManagement/stable/2021-08-01/apimproductsByTags.json
Microsoft.ApiManagement, apimapiversionsets, specification/apimanagement/resource-manager/Microsoft.ApiManagement/stable/2021-08-01/apimapiversionsets.json
Microsoft.Aadiam, privateLinkForAzureAD, specification/azureactivedirectory/resource-manager/Microsoft.Aadiam/stable/2020-03-01/privateLinkForAzureAD.json
Microsoft.Aadiam, privateLinkResources, specification/azureactivedirectory/resource-manager/Microsoft.Aadiam/stable/2020-03-01/privateLinkResources.json
Microsoft.Aadiam, privateEndpointConnections, specification/azureactivedirectory/resource-manager/Microsoft.Aadiam/stable/2020-03-01/privateEndpointConnections.json
Microsoft.DevTestLab, DTL, specification/devtestlabs/resource-manager/Microsoft.DevTestLab/stable/2018-09-15/DTL.json
Microsoft.NetApp, netapp, specification/netapp/resource-manager/Microsoft.NetApp/stable/2021-08-01/netapp.json
Microsoft.AAD, oucontainer, specification/domainservices/resource-manager/Microsoft.AAD/stable/2021-05-01/oucontainer.json
Microsoft.AAD, domainservices, specification/domainservices/resource-manager/Microsoft.AAD/stable/2021-05-01/domainservices.json
Microsoft.ImportExport, storageimportexport, specification/storageimportexport/resource-manager/Microsoft.ImportExport/stable/2020-08-01/storageimportexport.json
Microsoft.NotificationHubs, notificationhubs, specification/notificationhubs/resource-manager/Microsoft.NotificationHubs/stable/2017-04-01/notificationhubs.json
Microsoft.Confluent, confluent, specification/confluent/resource-manager/Microsoft.Confluent/stable/2020-03-01/confluent.json
Microsoft.Insights, actionGroups_API, specification/monitor/resource-manager/Microsoft.Insights/stable/2021-09-01/actionGroups_API.json
Microsoft.LabServices, ML, specification/labservices/resource-manager/Microsoft.LabServices/stable/2018-10-15/ML.json
Microsoft.ManagedServices, managedservices, specification/managedservices/resource-manager/Microsoft.ManagedServices/stable/2019-09-01/managedservices.json
Microsoft.HealthcareApis, healthcare-apis, specification/healthcareapis/resource-manager/Microsoft.HealthcareApis/stable/2021-01-11/healthcare-apis.json
Microsoft.StorageSync, storagesync, specification/storagesync/resource-manager/Microsoft.StorageSync/stable/2020-09-01/storagesync.json
Microsoft.ContainerRegistry, containerregistry, specification/containerregistry/resource-manager/Microsoft.ContainerRegistry/stable/2021-09-01/containerregistry.json
Microsoft.DigitalTwins, digitaltwins, specification/digitaltwins/resource-manager/Microsoft.DigitalTwins/stable/2020-12-01/digitaltwins.json
Microsoft.ContainerInstance, containerInstance, specification/containerinstance/resource-manager/Microsoft.ContainerInstance/stable/2021-09-01/containerInstance.json
Microsoft.DBforMariaDB, Servers, specification/mariadb/resource-manager/Microsoft.DBforMariaDB/stable/2020-01-01/Servers.json
Microsoft.DocumentDB, restorable, specification/cosmos-db/resource-manager/Microsoft.DocumentDB/stable/2021-10-15/restorable.json
Microsoft.DocumentDB, managedCassandra, specification/cosmos-db/resource-manager/Microsoft.DocumentDB/stable/2021-10-15/managedCassandra.json
Microsoft.DocumentDB, rbac, specification/cosmos-db/resource-manager/Microsoft.DocumentDB/stable/2021-10-15/rbac.json
Microsoft.DocumentDB, cosmos-db, specification/cosmos-db/resource-manager/Microsoft.DocumentDB/stable/2021-10-15/cosmos-db.json
Microsoft.DocumentDB, notebook, specification/cosmos-db/resource-manager/Microsoft.DocumentDB/stable/2021-10-15/notebook.json
Microsoft.DocumentDB, privateEndpointConnection, specification/cosmos-db/resource-manager/Microsoft.DocumentDB/stable/2021-10-15/privateEndpointConnection.json
Microsoft.DocumentDB, privateLinkResources, specification/cosmos-db/resource-manager/Microsoft.DocumentDB/stable/2021-10-15/privateLinkResources.json
Microsoft.StorageCache, storagecache, specification/storagecache/resource-manager/Microsoft.StorageCache/stable/2021-09-01/storagecache.json
Microsoft.Elastic, elastic, specification/elastic/resource-manager/Microsoft.Elastic/stable/2020-07-01/elastic.json
Microsoft.AnalysisServices, analysisservices, specification/analysisservices/resource-manager/Microsoft.AnalysisServices/stable/2017-08-01/analysisservices.json
Microsoft.KeyVault, keyvault, specification/keyvault/resource-manager/Microsoft.KeyVault/stable/2019-09-01/keyvault.json
Microsoft.KeyVault, providers, specification/keyvault/resource-manager/Microsoft.KeyVault/stable/2019-09-01/providers.json
Microsoft.KeyVault, secrets, specification/keyvault/resource-manager/Microsoft.KeyVault/stable/2019-09-01/secrets.json
Microsoft.KeyVault, keys, specification/keyvault/resource-manager/Microsoft.KeyVault/stable/2019-09-01/keys.json
Microsoft.ManagedIdentity, ManagedIdentity, specification/msi/resource-manager/Microsoft.ManagedIdentity/stable/2018-11-30/ManagedIdentity.json
Microsoft.Security, settings, specification/security/resource-manager/Microsoft.Security/stable/2021-07-01/settings.json
Microsoft.Cache, redis, specification/redis/resource-manager/Microsoft.Cache/stable/2020-12-01/redis.json
Microsoft.SignalRService, signalr, specification/signalr/resource-manager/Microsoft.SignalRService/stable/2021-10-01/signalr.json
Microsoft.Capacity, reservations, specification/reservations/resource-manager/Microsoft.Capacity/stable/2021-07-01/reservations.json
Microsoft.ResourceHealth, ResourceHealth, specification/resourcehealth/resource-manager/Microsoft.ResourceHealth/stable/2020-05-01/ResourceHealth.json
Microsoft.Migrate, resourcemovercollection, specification/resourcemover/resource-manager/Microsoft.Migrate/stable/2021-01-01/resourcemovercollection.json
Microsoft.Web, ResourceHealthMetadata, specification/web/resource-manager/Microsoft.Web/stable/2021-02-01/ResourceHealthMetadata.json
Microsoft.Web, ResourceProvider, specification/web/resource-manager/Microsoft.Web/stable/2021-02-01/ResourceProvider.json
Microsoft.Web, DeletedWebApps, specification/web/resource-manager/Microsoft.Web/stable/2021-02-01/DeletedWebApps.json
Microsoft.Web, Certificates, specification/web/resource-manager/Microsoft.Web/stable/2021-02-01/Certificates.json
Microsoft.Web, AppServiceEnvironments, specification/web/resource-manager/Microsoft.Web/stable/2021-02-01/AppServiceEnvironments.json
Microsoft.Web, Diagnostics, specification/web/resource-manager/Microsoft.Web/stable/2021-02-01/Diagnostics.json
Microsoft.Web, AppServicePlans, specification/web/resource-manager/Microsoft.Web/stable/2021-02-01/AppServicePlans.json
Microsoft.Web, StaticSites, specification/web/resource-manager/Microsoft.Web/stable/2021-02-01/StaticSites.json
Microsoft.Web, Global, specification/web/resource-manager/Microsoft.Web/stable/2021-02-01/Global.json
Microsoft.Web, Provider, specification/web/resource-manager/Microsoft.Web/stable/2021-02-01/Provider.json
Microsoft.Web, KubeEnvironments, specification/web/resource-manager/Microsoft.Web/stable/2021-02-01/KubeEnvironments.json
Microsoft.Web, Recommendations, specification/web/resource-manager/Microsoft.Web/stable/2021-02-01/Recommendations.json
Microsoft.Web, CommonDefinitions, specification/web/resource-manager/Microsoft.Web/stable/2021-02-01/CommonDefinitions.json
Microsoft.Web, WebApps, specification/web/resource-manager/Microsoft.Web/stable/2021-02-01/WebApps.json
Microsoft.DomainRegistration, TopLevelDomains, specification/web/resource-manager/Microsoft.DomainRegistration/stable/2021-02-01/TopLevelDomains.json
Microsoft.DomainRegistration, DomainRegistrationProvider, specification/web/resource-manager/Microsoft.DomainRegistration/stable/2021-02-01/DomainRegistrationProvider.json
Microsoft.DomainRegistration, Domains, specification/web/resource-manager/Microsoft.DomainRegistration/stable/2021-02-01/Domains.json
Microsoft.CertificateRegistration, CertificateRegistrationProvider, specification/web/resource-manager/Microsoft.CertificateRegistration/stable/2021-02-01/CertificateRegistrationProvider.json
Microsoft.CertificateRegistration, AppServiceCertificateOrders, specification/web/resource-manager/Microsoft.CertificateRegistration/stable/2021-02-01/AppServiceCertificateOrders.json
Microsoft.CertificateRegistration, CertificateOrdersDiagnostics, specification/web/resource-manager/Microsoft.CertificateRegistration/stable/2021-02-01/CertificateOrdersDiagnostics.json
Microsoft.Consumption, consumption, specification/consumption/resource-manager/Microsoft.Consumption/stable/2021-10-01/consumption.json
Microsoft.AlertsManagement, SmartDetectorAlertRulesApi, specification/alertsmanagement/resource-manager/Microsoft.AlertsManagement/stable/2021-04-01/SmartDetectorAlertRulesApi.json
Microsoft.DelegatedNetwork, common-types, specification/dnc/resource-manager/Microsoft.DelegatedNetwork/stable/2021-03-15/common-types.json
Microsoft.DelegatedNetwork, delegatedSubnets, specification/dnc/resource-manager/Microsoft.DelegatedNetwork/stable/2021-03-15/delegatedSubnets.json
Microsoft.DelegatedNetwork, controller, specification/dnc/resource-manager/Microsoft.DelegatedNetwork/stable/2021-03-15/controller.json
Microsoft.DelegatedNetwork, orchestrators, specification/dnc/resource-manager/Microsoft.DelegatedNetwork/stable/2021-03-15/orchestrators.json
Microsoft.DelegatedNetwork, operations, specification/dnc/resource-manager/Microsoft.DelegatedNetwork/stable/2021-03-15/operations.json
Microsoft.PowerBI, powerbiembedded, specification/powerbiembedded/resource-manager/Microsoft.PowerBI/stable/2016-01-29/powerbiembedded.json
Microsoft.Network, webapplicationfirewall, specification/frontdoor/resource-manager/Microsoft.Network/stable/2020-11-01/webapplicationfirewall.json
Microsoft.Network, network, specification/frontdoor/resource-manager/Microsoft.Network/stable/2020-11-01/network.json
Microsoft.Features, features, specification/resources/resource-manager/Microsoft.Features/stable/2021-07-01/features.json
Microsoft.Features, SubscriptionFeatureRegistration, specification/resources/resource-manager/Microsoft.Features/stable/2021-07-01/SubscriptionFeatureRegistration.json
Microsoft.Authorization, policyAssignments, specification/resources/resource-manager/Microsoft.Authorization/stable/2021-06-01/policyAssignments.json
Microsoft.Authorization, policySetDefinitions, specification/resources/resource-manager/Microsoft.Authorization/stable/2021-06-01/policySetDefinitions.json
Microsoft.Authorization, policyDefinitions, specification/resources/resource-manager/Microsoft.Authorization/stable/2021-06-01/policyDefinitions.json
Microsoft.Resources, templateSpecs, specification/resources/resource-manager/Microsoft.Resources/stable/2021-05-01/templateSpecs.json
Microsoft.Solutions, managedapplications, specification/resources/resource-manager/Microsoft.Solutions/stable/2019-07-01/managedapplications.json
Microsoft.DataFactory, datafactory, specification/datafactory/resource-manager/Microsoft.DataFactory/stable/2018-06-01/datafactory.json
Microsoft.Marketplace, Marketplace, specification/marketplace/resource-manager/Microsoft.Marketplace/stable/2021-06-01/Marketplace.json
Microsoft.Network, privatedns, specification/privatedns/resource-manager/Microsoft.Network/stable/2020-06-01/privatedns.json
Microsoft.Network, networkInterface, specification/network/resource-manager/Microsoft.Network/stable/2021-05-01/networkInterface.json
Microsoft.Network, availableServiceAliases, specification/network/resource-manager/Microsoft.Network/stable/2021-05-01/availableServiceAliases.json
Microsoft.Network, usage, specification/network/resource-manager/Microsoft.Network/stable/2021-05-01/usage.json
Microsoft.Network, checkDnsAvailability, specification/network/resource-manager/Microsoft.Network/stable/2021-05-01/checkDnsAvailability.json
Microsoft.Network, ddosProtectionPlan, specification/network/resource-manager/Microsoft.Network/stable/2021-05-01/ddosProtectionPlan.json
Microsoft.Network, customIpPrefix, specification/network/resource-manager/Microsoft.Network/stable/2021-05-01/customIpPrefix.json
Microsoft.Network, cloudServicePublicIpAddress, specification/network/resource-manager/Microsoft.Network/stable/2021-05-01/cloudServicePublicIpAddress.json
Microsoft.Network, expressRouteCircuit, specification/network/resource-manager/Microsoft.Network/stable/2021-05-01/expressRouteCircuit.json
Microsoft.Network, routeTable, specification/network/resource-manager/Microsoft.Network/stable/2021-05-01/routeTable.json
Microsoft.Network, serviceTags, specification/network/resource-manager/Microsoft.Network/stable/2021-05-01/serviceTags.json
Microsoft.Network, availableDelegations, specification/network/resource-manager/Microsoft.Network/stable/2021-05-01/availableDelegations.json
Microsoft.Network, ddosCustomPolicy, specification/network/resource-manager/Microsoft.Network/stable/2021-05-01/ddosCustomPolicy.json
Microsoft.Network, expressRouteCrossConnection, specification/network/resource-manager/Microsoft.Network/stable/2021-05-01/expressRouteCrossConnection.json
Microsoft.Network, publicIpAddress, specification/network/resource-manager/Microsoft.Network/stable/2021-05-01/publicIpAddress.json
Microsoft.Network, virtualNetworkGateway, specification/network/resource-manager/Microsoft.Network/stable/2021-05-01/virtualNetworkGateway.json
Microsoft.Network, ipGroups, specification/network/resource-manager/Microsoft.Network/stable/2021-05-01/ipGroups.json
Microsoft.Network, webapplicationfirewall, specification/network/resource-manager/Microsoft.Network/stable/2021-05-01/webapplicationfirewall.json
Microsoft.Network, networkSecurityGroup, specification/network/resource-manager/Microsoft.Network/stable/2021-05-01/networkSecurityGroup.json
Microsoft.Network, networkVirtualAppliance, specification/network/resource-manager/Microsoft.Network/stable/2021-05-01/networkVirtualAppliance.json
Microsoft.Network, networkProfile, specification/network/resource-manager/Microsoft.Network/stable/2021-05-01/networkProfile.json
Microsoft.Network, ipAllocation, specification/network/resource-manager/Microsoft.Network/stable/2021-05-01/ipAllocation.json
Microsoft.Network, endpointService, specification/network/resource-manager/Microsoft.Network/stable/2021-05-01/endpointService.json
Microsoft.Network, azureFirewallFqdnTag, specification/network/resource-manager/Microsoft.Network/stable/2021-05-01/azureFirewallFqdnTag.json
Microsoft.Network, natGateway, specification/network/resource-manager/Microsoft.Network/stable/2021-05-01/natGateway.json
Microsoft.Network, virtualNetwork, specification/network/resource-manager/Microsoft.Network/stable/2021-05-01/virtualNetwork.json
Microsoft.Network, vmssNetworkInterface, specification/network/resource-manager/Microsoft.Network/stable/2021-05-01/vmssNetworkInterface.json
Microsoft.Network, dscpConfiguration, specification/network/resource-manager/Microsoft.Network/stable/2021-05-01/dscpConfiguration.json
Microsoft.Network, virtualWan, specification/network/resource-manager/Microsoft.Network/stable/2021-05-01/virtualWan.json
Microsoft.Network, firewallPolicy, specification/network/resource-manager/Microsoft.Network/stable/2021-05-01/firewallPolicy.json
Microsoft.Network, loadBalancer, specification/network/resource-manager/Microsoft.Network/stable/2021-05-01/loadBalancer.json
Microsoft.Network, network, specification/network/resource-manager/Microsoft.Network/stable/2021-05-01/network.json
Microsoft.Network, cloudServiceNetworkInterface, specification/network/resource-manager/Microsoft.Network/stable/2021-05-01/cloudServiceNetworkInterface.json
Microsoft.Network, publicIpPrefix, specification/network/resource-manager/Microsoft.Network/stable/2021-05-01/publicIpPrefix.json
Microsoft.Network, operation, specification/network/resource-manager/Microsoft.Network/stable/2021-05-01/operation.json
Microsoft.Network, vmssPublicIpAddress, specification/network/resource-manager/Microsoft.Network/stable/2021-05-01/vmssPublicIpAddress.json
Microsoft.Network, azureWebCategory, specification/network/resource-manager/Microsoft.Network/stable/2021-05-01/azureWebCategory.json
Microsoft.Network, securityPartnerProvider, specification/network/resource-manager/Microsoft.Network/stable/2021-05-01/securityPartnerProvider.json
Microsoft.Network, serviceCommunity, specification/network/resource-manager/Microsoft.Network/stable/2021-05-01/serviceCommunity.json
Microsoft.Network, applicationGateway, specification/network/resource-manager/Microsoft.Network/stable/2021-05-01/applicationGateway.json
Microsoft.Network, expressRoutePort, specification/network/resource-manager/Microsoft.Network/stable/2021-05-01/expressRoutePort.json
Microsoft.Network, privateEndpoint, specification/network/resource-manager/Microsoft.Network/stable/2021-05-01/privateEndpoint.json
Microsoft.Network, applicationSecurityGroup, specification/network/resource-manager/Microsoft.Network/stable/2021-05-01/applicationSecurityGroup.json
Microsoft.Network, serviceEndpointPolicy, specification/network/resource-manager/Microsoft.Network/stable/2021-05-01/serviceEndpointPolicy.json
Microsoft.Network, virtualRouter, specification/network/resource-manager/Microsoft.Network/stable/2021-05-01/virtualRouter.json
Microsoft.Network, virtualNetworkTap, specification/network/resource-manager/Microsoft.Network/stable/2021-05-01/virtualNetworkTap.json
Microsoft.Network, azureFirewall, specification/network/resource-manager/Microsoft.Network/stable/2021-05-01/azureFirewall.json
Microsoft.Network, networkWatcher, specification/network/resource-manager/Microsoft.Network/stable/2021-05-01/networkWatcher.json
Microsoft.Network, privateLinkService, specification/network/resource-manager/Microsoft.Network/stable/2021-05-01/privateLinkService.json
Microsoft.Network, bastionHost, specification/network/resource-manager/Microsoft.Network/stable/2021-05-01/bastionHost.json
Microsoft.Network, routeFilter, specification/network/resource-manager/Microsoft.Network/stable/2021-05-01/routeFilter.json
Microsoft.SignalRService, webpubsub, specification/webpubsub/resource-manager/Microsoft.SignalRService/stable/2021-10-01/webpubsub.json
Microsoft.Devices, iotdps, specification/deviceprovisioningservices/resource-manager/Microsoft.Devices/stable/2021-10-15/iotdps.json
Microsoft.Network, trafficmanager, specification/trafficmanager/resource-manager/Microsoft.Network/stable/2018-08-01/trafficmanager.json
Microsoft.VirtualMachineImages, imagebuilder, specification/imagebuilder/resource-manager/Microsoft.VirtualMachineImages/stable/2021-10-01/imagebuilder.json
Microsoft.AzureArcData, dataControllers, specification/azurearcdata/resource-manager/Microsoft.AzureArcData/stable/2021-11-01/dataControllers.json
Microsoft.AzureArcData, common, specification/azurearcdata/resource-manager/Microsoft.AzureArcData/stable/2021-11-01/common.json
Microsoft.AzureArcData, azurearcdata, specification/azurearcdata/resource-manager/Microsoft.AzureArcData/stable/2021-11-01/azurearcdata.json
Microsoft.AzureArcData, sqlManagedInstances, specification/azurearcdata/resource-manager/Microsoft.AzureArcData/stable/2021-11-01/sqlManagedInstances.json
Microsoft.AzureArcData, sqlServerInstances, specification/azurearcdata/resource-manager/Microsoft.AzureArcData/stable/2021-11-01/sqlServerInstances.json
Microsoft.AzureArcData, operations, specification/azurearcdata/resource-manager/Microsoft.AzureArcData/stable/2021-11-01/operations.json
Microsoft.Databricks, vnetpeering, specification/databricks/resource-manager/Microsoft.Databricks/stable/2018-04-01/vnetpeering.json
Microsoft.Databricks, databricks, specification/databricks/resource-manager/Microsoft.Databricks/stable/2018-04-01/databricks.json
Microsoft.AppConfiguration, appconfiguration, specification/appconfiguration/resource-manager/Microsoft.AppConfiguration/stable/2020-06-01/appconfiguration.json
Microsoft.VMwareCloudSimple, vmwarecloudsimple, specification/vmwarecloudsimple/resource-manager/Microsoft.VMwareCloudSimple/stable/2019-04-01/vmwarecloudsimple.json
Microsoft.Logic, logic, specification/logic/resource-manager/Microsoft.Logic/stable/2019-05-01/logic.json
Microsoft.Solutions, managedapplications, specification/solutions/resource-manager/Microsoft.Solutions/stable/2021-07-01/managedapplications.json
Microsoft.Scheduler, scheduler, specification/scheduler/resource-manager/Microsoft.Scheduler/stable/2016-03-01/scheduler.json
Microsoft.BareMetalInfrastructure, baremetalinfrastructure, specification/baremetalinfrastructure/resource-manager/Microsoft.BareMetalInfrastructure/stable/2021-08-09/baremetalinfrastructure.json
Microsoft.Devices, iothub, specification/iothub/resource-manager/Microsoft.Devices/stable/2021-07-02/iothub.json
Microsoft.RecoveryServices, bms, specification/recoveryservicesbackup/resource-manager/Microsoft.RecoveryServices/stable/2021-10-01/bms.json
Microsoft.PowerBI, powerbiprivatelinks, specification/powerbiprivatelinks/resource-manager/Microsoft.PowerBI/stable/2020-06-01/powerbiprivatelinks.json
Microsoft.StorSimple, StorSimple, specification/storSimple1200Series/resource-manager/Microsoft.StorSimple/stable/2016-10-01/StorSimple.json
Microsoft.MachineLearning, workspaces, specification/machinelearning/resource-manager/Microsoft.MachineLearning/stable/2019-10-01/workspaces.json
Microsoft.HybridCompute, privateLinkScopes, specification/hybridcompute/resource-manager/Microsoft.HybridCompute/stable/2021-05-20/privateLinkScopes.json
Microsoft.HybridCompute, HybridCompute, specification/hybridcompute/resource-manager/Microsoft.HybridCompute/stable/2021-05-20/HybridCompute.json
Microsoft.Peering, peering, specification/peering/resource-manager/Microsoft.Peering/stable/2021-06-01/peering.json
Microsoft.DataBoxEdge, databoxedge, specification/databoxedge/resource-manager/Microsoft.DataBoxEdge/stable/2021-06-01/databoxedge.json
Microsoft.Storage, blob, specification/storage/resource-manager/Microsoft.Storage/stable/2021-06-01/blob.json
Microsoft.Storage, privatelinks, specification/storage/resource-manager/Microsoft.Storage/stable/2021-06-01/privatelinks.json
Microsoft.Storage, common, specification/storage/resource-manager/Microsoft.Storage/stable/2021-06-01/common.json
Microsoft.Storage, file, specification/storage/resource-manager/Microsoft.Storage/stable/2021-06-01/file.json
Microsoft.Storage, queue, specification/storage/resource-manager/Microsoft.Storage/stable/2021-06-01/queue.json
Microsoft.Storage, table, specification/storage/resource-manager/Microsoft.Storage/stable/2021-06-01/table.json
Microsoft.Storage, storage, specification/storage/resource-manager/Microsoft.Storage/stable/2021-06-01/storage.json
Microsoft.Subscription, subscriptions, specification/subscription/resource-manager/Microsoft.Subscription/stable/2021-10-01/subscriptions.json
Microsoft.Search, search, specification/search/resource-manager/Microsoft.Search/stable/2020-08-01/search.json
Microsoft.RecoveryServices, service, specification/recoveryservicessiterecovery/resource-manager/Microsoft.RecoveryServices/stable/2021-10-01/service.json
Microsoft.PolicyInsights, remediations, specification/policyinsights/resource-manager/Microsoft.PolicyInsights/stable/2021-10-01/remediations.json
Microsoft.MarketplaceOrdering, Agreements, specification/marketplaceordering/resource-manager/Microsoft.MarketplaceOrdering/stable/2021-01-01/Agreements.json
Microsoft.DataMigration, datamigration, specification/datamigration/resource-manager/Microsoft.DataMigration/stable/2021-06-30/datamigration.json
Microsoft.MachineLearningServices, machineLearningServices, specification/machinelearningservices/resource-manager/Microsoft.MachineLearningServices/stable/2021-07-01/machineLearningServices.json
Microsoft.MachineLearningServices, workspaceSkus, specification/machinelearningservices/resource-manager/Microsoft.MachineLearningServices/stable/2021-07-01/workspaceSkus.json
Microsoft.MachineLearningServices, workspaceFeatures, specification/machinelearningservices/resource-manager/Microsoft.MachineLearningServices/stable/2021-07-01/workspaceFeatures.json
Microsoft.Insights, livetoken_API, specification/applicationinsights/resource-manager/Microsoft.Insights/stable/2021-10-14/livetoken_API.json
Microsoft.DataShare, DataShare, specification/datashare/resource-manager/Microsoft.DataShare/stable/2021-08-01/DataShare.json
Microsoft.SerialConsole, serialconsole, specification/serialconsole/resource-manager/Microsoft.SerialConsole/stable/2018-05-01/serialconsole.json
Microsoft.SerialConsole, serialport, specification/serialconsole/resource-manager/Microsoft.SerialConsole/stable/2018-05-01/serialport.json
Microsoft.Logz, logz, specification/logz/resource-manager/Microsoft.Logz/stable/2020-10-01/logz.json
Microsoft.HealthBot, healthbot, specification/healthbot/resource-manager/Microsoft.HealthBot/stable/2021-08-24/healthbot.json
Microsoft.ContainerService, managedClusters, specification/containerservice/resource-manager/Microsoft.ContainerService/stable/2021-10-01/managedClusters.json
Microsoft.GuestConfiguration, guestconfiguration, specification/guestconfiguration/resource-manager/Microsoft.GuestConfiguration/stable/2021-01-25/guestconfiguration.json
Microsoft.Migrate, hubmigrate, specification/migrate/resource-manager/Microsoft.Migrate/stable/2020-05-01/hubmigrate.json
Microsoft.OffAzure, migrate, specification/migrate/resource-manager/Microsoft.OffAzure/stable/2020-07-07/migrate.json
Microsoft.ExtendedLocation, customlocations, specification/extendedlocation/resource-manager/Microsoft.ExtendedLocation/stable/2021-08-15/customlocations.json
Microsoft.DataProtection, dataprotection, specification/dataprotection/resource-manager/Microsoft.DataProtection/stable/2021-07-01/dataprotection.json
Microsoft.SecurityAndCompliance, common-types, specification/securityandcompliance/resource-manager/Microsoft.SecurityAndCompliance/stable/2021-03-08/common-types.json
Microsoft.SecurityAndCompliance, privateLinkServicesForSCCPowershell, specification/securityandcompliance/resource-manager/Microsoft.SecurityAndCompliance/stable/2021-03-08/privateLinkServicesForSCCPowershell.json
Microsoft.SecurityAndCompliance, privateLinkServicesForEDMUpload, specification/securityandcompliance/resource-manager/Microsoft.SecurityAndCompliance/stable/2021-03-08/privateLinkServicesForEDMUpload.json
Microsoft.SecurityAndCompliance, privateLinkServicesForM365ComplianceCenter, specification/securityandcompliance/resource-manager/Microsoft.SecurityAndCompliance/stable/2021-03-08/privateLinkServicesForM365ComplianceCenter.json
Microsoft.SecurityAndCompliance, privateLinkServicesForMIPPolicySync, specification/securityandcompliance/resource-manager/Microsoft.SecurityAndCompliance/stable/2021-03-08/privateLinkServicesForMIPPolicySync.json
Microsoft.SecurityAndCompliance, privateLinkServicesForM365SecurityCenter, specification/securityandcompliance/resource-manager/Microsoft.SecurityAndCompliance/stable/2021-03-08/privateLinkServicesForM365SecurityCenter.json
Microsoft.SecurityAndCompliance, privateLinkServicesForO365ManagementActivityAPI, specification/securityandcompliance/resource-manager/Microsoft.SecurityAndCompliance/stable/2021-03-08/privateLinkServicesForO365ManagementActivityAPI.json
Microsoft.EventHub, namespaces-preview, specification/eventhub/resource-manager/Microsoft.EventHub/stable/2021-11-01/namespaces-preview.json
Microsoft.EventHub, AuthorizationRules, specification/eventhub/resource-manager/Microsoft.EventHub/stable/2021-11-01/AuthorizationRules.json
Microsoft.EventHub, CheckNameAvailability, specification/eventhub/resource-manager/Microsoft.EventHub/stable/2021-11-01/CheckNameAvailability.json
Microsoft.EventHub, eventhubs, specification/eventhub/resource-manager/Microsoft.EventHub/stable/2021-11-01/eventhubs.json
Microsoft.EventHub, networkrulessets-preview, specification/eventhub/resource-manager/Microsoft.EventHub/stable/2021-11-01/networkrulessets-preview.json
Microsoft.EventHub, SchemaRegistry, specification/eventhub/resource-manager/Microsoft.EventHub/stable/2021-11-01/SchemaRegistry.json
Microsoft.EventHub, quotaConfiguration-preview, specification/eventhub/resource-manager/Microsoft.EventHub/stable/2021-11-01/quotaConfiguration-preview.json
Microsoft.EventHub, Clusters-preview, specification/eventhub/resource-manager/Microsoft.EventHub/stable/2021-11-01/Clusters-preview.json
Microsoft.EventHub, AvailableClusterRegions-preview, specification/eventhub/resource-manager/Microsoft.EventHub/stable/2021-11-01/AvailableClusterRegions-preview.json
Microsoft.EventHub, operations, specification/eventhub/resource-manager/Microsoft.EventHub/stable/2021-11-01/operations.json
Microsoft.EventHub, disasterRecoveryConfigs, specification/eventhub/resource-manager/Microsoft.EventHub/stable/2021-11-01/disasterRecoveryConfigs.json
Microsoft.EventHub, consumergroups, specification/eventhub/resource-manager/Microsoft.EventHub/stable/2021-11-01/consumergroups.json
Microsoft.Cdn, afdx, specification/cdn/resource-manager/Microsoft.Cdn/stable/2020-09-01/afdx.json
Microsoft.Cdn, cdnwebapplicationfirewall, specification/cdn/resource-manager/Microsoft.Cdn/stable/2020-09-01/cdnwebapplicationfirewall.json
Microsoft.Cdn, cdn, specification/cdn/resource-manager/Microsoft.Cdn/stable/2020-09-01/cdn.json
Microsoft.TimeSeriesInsights, timeseriesinsights, specification/timeseriesinsights/resource-manager/Microsoft.TimeSeriesInsights/stable/2020-05-15/timeseriesinsights.json
Microsoft.Compute, runCommands, specification/compute/resource-manager/Microsoft.Compute/stable/2021-07-01/runCommands.json
Microsoft.Compute, communityGallery, specification/compute/resource-manager/Microsoft.Compute/stable/2021-07-01/communityGallery.json
Microsoft.Compute, gallery, specification/compute/resource-manager/Microsoft.Compute/stable/2021-07-01/gallery.json
Microsoft.Compute, skus, specification/compute/resource-manager/Microsoft.Compute/stable/2021-07-01/skus.json
Microsoft.Compute, sharedGallery, specification/compute/resource-manager/Microsoft.Compute/stable/2021-07-01/sharedGallery.json
Microsoft.Compute, compute, specification/compute/resource-manager/Microsoft.Compute/stable/2021-07-01/compute.json
Microsoft.ContainerService, containerService, specification/compute/resource-manager/Microsoft.ContainerService/stable/2017-01-31/containerService.json
Microsoft.Support, support, specification/support/resource-manager/Microsoft.Support/stable/2020-04-01/support.json
Microsoft.ServiceFabric, cluster, specification/servicefabric/resource-manager/Microsoft.ServiceFabric/stable/2021-06-01/cluster.json
Microsoft.ServiceFabric, application, specification/servicefabric/resource-manager/Microsoft.ServiceFabric/stable/2021-06-01/application.json
Microsoft.DevSpaces, devspaces, specification/devspaces/resource-manager/Microsoft.DevSpaces/stable/2019-04-01/devspaces.json
Microsoft.CustomerInsights, customer-insights, specification/customer-insights/resource-manager/Microsoft.CustomerInsights/stable/2017-04-26/customer-insights.json
Microsoft.PowerBIdedicated, autoScaleVCores, specification/powerbidedicated/resource-manager/Microsoft.PowerBIdedicated/stable/2021-01-01/autoScaleVCores.json
Microsoft.PowerBIdedicated, powerbidedicated, specification/powerbidedicated/resource-manager/Microsoft.PowerBIdedicated/stable/2021-01-01/powerbidedicated.json
Microsoft.HDInsight, locations, specification/hdinsight/resource-manager/Microsoft.HDInsight/stable/2021-06-01/locations.json
Microsoft.HDInsight, scriptActions, specification/hdinsight/resource-manager/Microsoft.HDInsight/stable/2021-06-01/scriptActions.json
Microsoft.HDInsight, virtualMachines, specification/hdinsight/resource-manager/Microsoft.HDInsight/stable/2021-06-01/virtualMachines.json
Microsoft.HDInsight, extensions, specification/hdinsight/resource-manager/Microsoft.HDInsight/stable/2021-06-01/extensions.json
Microsoft.HDInsight, cluster, specification/hdinsight/resource-manager/Microsoft.HDInsight/stable/2021-06-01/cluster.json
Microsoft.HDInsight, privateLinkResources, specification/hdinsight/resource-manager/Microsoft.HDInsight/stable/2021-06-01/privateLinkResources.json
Microsoft.HDInsight, privateEndpointConnections, specification/hdinsight/resource-manager/Microsoft.HDInsight/stable/2021-06-01/privateEndpointConnections.json
Microsoft.HDInsight, applications, specification/hdinsight/resource-manager/Microsoft.HDInsight/stable/2021-06-01/applications.json
Microsoft.HDInsight, operations, specification/hdinsight/resource-manager/Microsoft.HDInsight/stable/2021-06-01/operations.json
Microsoft.HDInsight, configurations, specification/hdinsight/resource-manager/Microsoft.HDInsight/stable/2021-06-01/configurations.json
Microsoft.Batch, BatchManagement, specification/batch/resource-manager/Microsoft.Batch/stable/2021-06-01/BatchManagement.json
Microsoft.ServiceFabric, nodetype, specification/servicefabricmanagedclusters/resource-manager/Microsoft.ServiceFabric/stable/2021-05-01/nodetype.json
Microsoft.ServiceFabric, managedapplication, specification/servicefabricmanagedclusters/resource-manager/Microsoft.ServiceFabric/stable/2021-05-01/managedapplication.json
Microsoft.ServiceFabric, managedcluster, specification/servicefabricmanagedclusters/resource-manager/Microsoft.ServiceFabric/stable/2021-05-01/managedcluster.json
Microsoft.DataLakeAnalytics, account, specification/datalake-analytics/resource-manager/Microsoft.DataLakeAnalytics/stable/2016-11-01/account.json
Microsoft.DBforMySQL, mysql, specification/mysql/resource-manager/Microsoft.DBforMySQL/stable/2021-05-01/mysql.json
Microsoft.ChangeAnalysis, changeanalysis, specification/changeanalysis/resource-manager/Microsoft.ChangeAnalysis/stable/2021-04-01/changeanalysis.json
Microsoft.Purview, purview, specification/purview/resource-manager/Microsoft.Purview/stable/2021-07-01/purview.json
Microsoft.Datadog, datadog, specification/datadog/resource-manager/Microsoft.Datadog/stable/2021-03-01/datadog.json
Microsoft.Kubernetes, connectedClusters, specification/hybridkubernetes/resource-manager/Microsoft.Kubernetes/stable/2021-10-01/connectedClusters.json
Microsoft.ProviderHub, providerhub, specification/providerhub/resource-manager/Microsoft.ProviderHub/stable/2020-11-20/providerhub.json
Microsoft.Attestation, attestation, specification/attestation/resource-manager/Microsoft.Attestation/stable/2020-10-01/attestation.json
Microsoft.KubernetesConfiguration, extensions, specification/kubernetesconfiguration/resource-manager/Microsoft.KubernetesConfiguration/stable/2021-09-01/extensions.json
Microsoft.EventGrid, EventGrid, specification/eventgrid/resource-manager/Microsoft.EventGrid/stable/2021-12-01/EventGrid.json
Microsoft.StorSimple, storsimple, specification/storsimple8000series/resource-manager/Microsoft.StorSimple/stable/2017-06-01/storsimple.json
Microsoft.StreamAnalytics, transformations, specification/streamanalytics/resource-manager/Microsoft.StreamAnalytics/stable/2020-03-01/transformations.json
Microsoft.StreamAnalytics, privateEndpoints, specification/streamanalytics/resource-manager/Microsoft.StreamAnalytics/stable/2020-03-01/privateEndpoints.json
Microsoft.StreamAnalytics, streamingjobs, specification/streamanalytics/resource-manager/Microsoft.StreamAnalytics/stable/2020-03-01/streamingjobs.json
Microsoft.StreamAnalytics, outputs, specification/streamanalytics/resource-manager/Microsoft.StreamAnalytics/stable/2020-03-01/outputs.json
Microsoft.StreamAnalytics, subscriptions, specification/streamanalytics/resource-manager/Microsoft.StreamAnalytics/stable/2020-03-01/subscriptions.json
Microsoft.StreamAnalytics, inputs, specification/streamanalytics/resource-manager/Microsoft.StreamAnalytics/stable/2020-03-01/inputs.json
Microsoft.StreamAnalytics, clusters, specification/streamanalytics/resource-manager/Microsoft.StreamAnalytics/stable/2020-03-01/clusters.json
Microsoft.StreamAnalytics, functions, specification/streamanalytics/resource-manager/Microsoft.StreamAnalytics/stable/2020-03-01/functions.json
Microsoft.SecurityInsights, ThreatIntelligence, specification/securityinsights/resource-manager/Microsoft.SecurityInsights/stable/2021-04-01/ThreatIntelligence.json
Microsoft.SecurityInsights, Watchlists, specification/securityinsights/resource-manager/Microsoft.SecurityInsights/stable/2021-04-01/Watchlists.json
Microsoft.SecurityInsights, Incidents, specification/securityinsights/resource-manager/Microsoft.SecurityInsights/stable/2021-04-01/Incidents.json
Microsoft.SecurityInsights, operations, specification/securityinsights/resource-manager/Microsoft.SecurityInsights/stable/2021-04-01/operations.json
Microsoft.HybridNetwork, vendorNetworkFunction, specification/hybridnetwork/resource-manager/Microsoft.HybridNetwork/stable/2021-05-01/vendorNetworkFunction.json
Microsoft.HybridNetwork, vendor, specification/hybridnetwork/resource-manager/Microsoft.HybridNetwork/stable/2021-05-01/vendor.json
Microsoft.HybridNetwork, common, specification/hybridnetwork/resource-manager/Microsoft.HybridNetwork/stable/2021-05-01/common.json
Microsoft.HybridNetwork, device, specification/hybridnetwork/resource-manager/Microsoft.HybridNetwork/stable/2021-05-01/device.json
Microsoft.HybridNetwork, networkFunction, specification/hybridnetwork/resource-manager/Microsoft.HybridNetwork/stable/2021-05-01/networkFunction.json
Microsoft.HybridNetwork, operation, specification/hybridnetwork/resource-manager/Microsoft.HybridNetwork/stable/2021-05-01/operation.json
Microsoft.HybridNetwork, networkFunctionVendor, specification/hybridnetwork/resource-manager/Microsoft.HybridNetwork/stable/2021-05-01/networkFunctionVendor.json
Microsoft.AzureStackHCI, extensions, specification/azurestackhci/resource-manager/Microsoft.AzureStackHCI/stable/2021-09-01/extensions.json
Microsoft.AzureStackHCI, clusters, specification/azurestackhci/resource-manager/Microsoft.AzureStackHCI/stable/2021-09-01/clusters.json
Microsoft.AzureStackHCI, operations, specification/azurestackhci/resource-manager/Microsoft.AzureStackHCI/stable/2021-09-01/operations.json
Microsoft.AzureStackHCI, arcSettings, specification/azurestackhci/resource-manager/Microsoft.AzureStackHCI/stable/2021-09-01/arcSettings.json
Microsoft.Media, AssetsAndAssetFilters, specification/mediaservices/resource-manager/Microsoft.Media/stable/2021-06-01/AssetsAndAssetFilters.json
Microsoft.Media, StreamingPoliciesAndStreamingLocators, specification/mediaservices/resource-manager/Microsoft.Media/stable/2021-06-01/StreamingPoliciesAndStreamingLocators.json
Microsoft.Media, streamingservice, specification/mediaservices/resource-manager/Microsoft.Media/stable/2021-06-01/streamingservice.json
Microsoft.Media, Encoding, specification/mediaservices/resource-manager/Microsoft.Media/stable/2021-06-01/Encoding.json
Microsoft.Media, AccountFilters, specification/mediaservices/resource-manager/Microsoft.Media/stable/2021-06-01/AccountFilters.json
Microsoft.Media, ContentKeyPolicies, specification/mediaservices/resource-manager/Microsoft.Media/stable/2021-06-01/ContentKeyPolicies.json
Microsoft.Media, Accounts, specification/mediaservices/resource-manager/Microsoft.Media/stable/2021-06-01/Accounts.json
Microsoft.DataBox, databox, specification/databox/resource-manager/Microsoft.DataBox/stable/2021-05-01/databox.json
Microsoft.ADHybridHealthService, ADHybridHealthService, specification/adhybridhealthservice/resource-manager/Microsoft.ADHybridHealthService/stable/2014-01-01/ADHybridHealthService.json
Microsoft.Maintenance, Maintenance, specification/maintenance/resource-manager/Microsoft.Maintenance/stable/2021-05-01/Maintenance.json
Microsoft.RedHatOpenShift, redhatopenshift, specification/redhatopenshift/resource-manager/Microsoft.RedHatOpenShift/stable/2020-04-30/redhatopenshift.json
Microsoft.MixedReality, proxy, specification/mixedreality/resource-manager/Microsoft.MixedReality/stable/2021-01-01/proxy.json
Microsoft.MixedReality, common, specification/mixedreality/resource-manager/Microsoft.MixedReality/stable/2021-01-01/common.json
Microsoft.MixedReality, spatial-anchors, specification/mixedreality/resource-manager/Microsoft.MixedReality/stable/2021-01-01/spatial-anchors.json
Microsoft.MixedReality, remote-rendering, specification/mixedreality/resource-manager/Microsoft.MixedReality/stable/2021-01-01/remote-rendering.json
Microsoft.Automation, account, specification/automation/resource-manager/Microsoft.Automation/stable/2021-06-22/account.json
Microsoft.Automation, hybridRunbookWorkerGroup, specification/automation/resource-manager/Microsoft.Automation/stable/2021-06-22/hybridRunbookWorkerGroup.json
Microsoft.Automation, hybridRunbookWorker, specification/automation/resource-manager/Microsoft.Automation/stable/2021-06-22/hybridRunbookWorker.json
Microsoft.Automation, operations, specification/automation/resource-manager/Microsoft.Automation/stable/2021-06-22/operations.json
Microsoft.DataLakeStore, account, specification/datalake-store/resource-manager/Microsoft.DataLakeStore/stable/2016-11-01/account.json
Microsoft.Quota, quota, specification/quota/resource-manager/Microsoft.Quota/stable/2021-03-15/quota.json
Microsoft.IoTCentral, iotcentral, specification/iotcentral/resource-manager/Microsoft.IoTCentral/stable/2021-06-01/iotcentral.json
Microsoft.Communication, CommunicationService, specification/communication/resource-manager/Microsoft.Communication/stable/2020-08-20/CommunicationService.json
Microsoft.WindowsIoT, WindowsIotServices, specification/windowsiot/resource-manager/Microsoft.WindowsIoT/stable/2019-06-01/WindowsIotServices.json
Microsoft.Relay, relay, specification/relay/resource-manager/Microsoft.Relay/stable/2017-04-01/relay.json
Microsoft.MarketplaceNotifications, MarketplaceNotifications, specification/marketplacenotifications/resource-manager/Microsoft.MarketplaceNotifications/stable/2021-03-03/MarketplaceNotifications.json
Microsoft.OperationalInsights, Tables, specification/operationalinsights/resource-manager/Microsoft.OperationalInsights/stable/2021-06-01/Tables.json
Microsoft.OperationalInsights, Workspaces, specification/operationalinsights/resource-manager/Microsoft.OperationalInsights/stable/2021-06-01/Workspaces.json
Microsoft.OperationalInsights, Clusters, specification/operationalinsights/resource-manager/Microsoft.OperationalInsights/stable/2021-06-01/Clusters.json
Microsoft.BotService, botservice, specification/botservice/resource-manager/Microsoft.BotService/stable/2021-03-01/botservice.json
Microsoft.Authorization, authorization-RoleDefinitionsCalls, specification/authorization/resource-manager/Microsoft.Authorization/stable/2015-07-01/authorization-RoleDefinitionsCalls.json
Microsoft.Authorization, authorization-ElevateAccessCalls, specification/authorization/resource-manager/Microsoft.Authorization/stable/2015-07-01/authorization-ElevateAccessCalls.json
Microsoft.Authorization, authorization-ClassicAdminCalls, specification/authorization/resource-manager/Microsoft.Authorization/stable/2015-07-01/authorization-ClassicAdminCalls.json
Microsoft.Authorization, authorization-RoleAssignmentsCalls, specification/authorization/resource-manager/Microsoft.Authorization/stable/2015-07-01/authorization-RoleAssignmentsCalls.json
Microsoft.Authorization, authorization-ProviderOperationsCalls, specification/authorization/resource-manager/Microsoft.Authorization/stable/2015-07-01/authorization-ProviderOperationsCalls.json
Microsoft.Network, dns, specification/dns/resource-manager/Microsoft.Network/stable/2018-05-01/dns.json
Microsoft.CognitiveServices, cognitiveservices, specification/cognitiveservices/resource-manager/Microsoft.CognitiveServices/stable/2021-10-01/cognitiveservices.json
Microsoft.RecoveryServices, vaults, specification/recoveryservices/resource-manager/Microsoft.RecoveryServices/stable/2021-08-01/vaults.json
Microsoft.RecoveryServices, registeredidentities, specification/recoveryservices/resource-manager/Microsoft.RecoveryServices/stable/2021-08-01/registeredidentities.json
Microsoft.RecoveryServices, vaultusages, specification/recoveryservices/resource-manager/Microsoft.RecoveryServices/stable/2021-08-01/vaultusages.json
Microsoft.RecoveryServices, replicationusages, specification/recoveryservices/resource-manager/Microsoft.RecoveryServices/stable/2021-08-01/replicationusages.json
Microsoft.EdgeOrder, edgeorder, specification/edgeorder/resource-manager/Microsoft.EdgeOrder/stable/2021-12-01/edgeorder.json
Microsoft.Synapse, integrationRuntime, specification/synapse/resource-manager/Microsoft.Synapse/stable/2021-06-01/integrationRuntime.json
Microsoft.Synapse, workspace, specification/synapse/resource-manager/Microsoft.Synapse/stable/2021-06-01/workspace.json
Microsoft.Synapse, checkNameAvailability, specification/synapse/resource-manager/Microsoft.Synapse/stable/2021-06-01/checkNameAvailability.json
Microsoft.Synapse, azureADOnlyAuthentication, specification/synapse/resource-manager/Microsoft.Synapse/stable/2021-06-01/azureADOnlyAuthentication.json
Microsoft.Synapse, sqlPool, specification/synapse/resource-manager/Microsoft.Synapse/stable/2021-06-01/sqlPool.json
Microsoft.Synapse, library, specification/synapse/resource-manager/Microsoft.Synapse/stable/2021-06-01/library.json
Microsoft.Synapse, keys, specification/synapse/resource-manager/Microsoft.Synapse/stable/2021-06-01/keys.json
Microsoft.Synapse, privateLinkResources, specification/synapse/resource-manager/Microsoft.Synapse/stable/2021-06-01/privateLinkResources.json
Microsoft.Synapse, privatelinkhub, specification/synapse/resource-manager/Microsoft.Synapse/stable/2021-06-01/privatelinkhub.json
Microsoft.Synapse, privateEndpointConnections, specification/synapse/resource-manager/Microsoft.Synapse/stable/2021-06-01/privateEndpointConnections.json
Microsoft.Synapse, sqlServer, specification/synapse/resource-manager/Microsoft.Synapse/stable/2021-06-01/sqlServer.json
Microsoft.Synapse, firewallRule, specification/synapse/resource-manager/Microsoft.Synapse/stable/2021-06-01/firewallRule.json
Microsoft.Synapse, bigDataPool, specification/synapse/resource-manager/Microsoft.Synapse/stable/2021-06-01/bigDataPool.json
Microsoft.Synapse, operations, specification/synapse/resource-manager/Microsoft.Synapse/stable/2021-06-01/operations.json
Microsoft.DataCatalog, datacatalog, specification/datacatalog/resource-manager/Microsoft.DataCatalog/stable/2016-03-30/datacatalog.json
Microsoft.Portal, CloudShell, specification/cloudshell/resource-manager/Microsoft.Portal/stable/2018-10-01/CloudShell.json
Microsoft.HybridData, hybriddata, specification/hybriddatamanager/resource-manager/Microsoft.HybridData/stable/2019-06-01/hybriddata.json
Microsoft.SoftwarePlan, softwareplan, specification/softwareplan/resource-manager/Microsoft.SoftwarePlan/stable/2019-12-01/softwareplan.json
Microsoft.DesktopVirtualization, desktopvirtualization, specification/desktopvirtualization/resource-manager/Microsoft.DesktopVirtualization/stable/2021-07-12/desktopvirtualization.json
Microsoft.Billing, types, specification/billing/resource-manager/Microsoft.Billing/stable/2021-10-01/types.json
Microsoft.Billing, billingSubscription, specification/billing/resource-manager/Microsoft.Billing/stable/2021-10-01/billingSubscription.json
Microsoft.Billing, payment, specification/billing/resource-manager/Microsoft.Billing/stable/2021-10-01/payment.json
Microsoft.AzureStack, CustomerSubscription, specification/azurestack/resource-manager/Microsoft.AzureStack/stable/2017-06-01/CustomerSubscription.json
Microsoft.AzureStack, Registration, specification/azurestack/resource-manager/Microsoft.AzureStack/stable/2017-06-01/Registration.json
Microsoft.AzureStack, Product, specification/azurestack/resource-manager/Microsoft.AzureStack/stable/2017-06-01/Product.json
Microsoft.AzureStack, AzureStack, specification/azurestack/resource-manager/Microsoft.AzureStack/stable/2017-06-01/AzureStack.json
Microsoft.AppPlatform, appplatform, specification/appplatform/resource-manager/Microsoft.AppPlatform/stable/2020-07-01/appplatform.json
Microsoft.CostManagement, costmanagement.exports, specification/cost-management/resource-manager/Microsoft.CostManagement/stable/2021-10-01/costmanagement.exports.json
Microsoft.CostManagement, costmanagement.generatedetailedcostreport, specification/cost-management/resource-manager/Microsoft.CostManagement/stable/2021-10-01/costmanagement.generatedetailedcostreport.json
Microsoft.CostManagement, costmanagement, specification/cost-management/resource-manager/Microsoft.CostManagement/stable/2021-10-01/costmanagement.json
Microsoft.Kusto, kusto, specification/azure-kusto/resource-manager/Microsoft.Kusto/stable/2021-08-27/kusto.json
Microsoft.AVS, vmware, specification/vmware/resource-manager/Microsoft.AVS/stable/2021-12-01/vmware.json
Microsoft.Sql, capabilities, specification/sql/resource-manager/Microsoft.Sql/stable/2015-05-01/capabilities.json
Microsoft.Sql, usages, specification/sql/resource-manager/Microsoft.Sql/stable/2015-05-01/usages.json
